cepOrigin,cepDestination
02832000,88816515
44005014,14079110
11675100,61628165
12082560,07161230
85909197,23026075
53439210,06132000
03363020,89464040
07865054,45920970
78125620,75260612
35661026,64011222
97043220,87075837
60346002,13574034
07845000,26023250
91787129,24440570
08050280,15086270
68502834,64763959
29153444,69099247
85815210,53585148
08830275,39408102
57309164,21665374
38302074,25675400
94480760,13337422
23955112,13344490
14061089,08275690
18619260,47800276
12520010,74884546
76983474,45605903
60714320,75080630
74884350,93615680
13092522,72130020
31970230,49047100
89220110,29119180
30550410,83833142
28073559,75534220
88049228,85801091
08490016,18906044
51030400,26088080
18078468,39408368
26298312,07627050
23955275,14409568
72859598,75684250
09971160,25272140
35930356,74965590
59618550,29709704
75515380,14315362
13806341,94425070
54250379,30535530
13255015,13574640
69400276,64053640
17060070,69917526
97544243,13274360
28083170,40315570
11618396,48907235
13479155,13214668
75090190,13472440
68375562,16052537
13185827,57073720
82130510,95044486
40352585,86084260
65026230,76871470
32145320,87310654
55720959,09993305
29946440,35577180
87308177,74922695
55610068,37701297
79821000,59115700
68371604,19915433
72831120,74485550
26053580,56321751
07856070,68904800
85818832,83770996
89114734,19915728
61616010,76987472
08285070,18405020
18703882,18133719
36010070,25250698
78040265,72915475
37550166,96503790
06702819,58058613
65055335,21850280
89286830,74085420
11420440,37904030
71215251,53160200
91130705,27336574
57955971,06411360
12440550,11705090
60125121,66050108
37557486,69918482
13184692,74982410
58428750,61814156
12521001,17520280
26381414,25670102
13849228,35032580
17527133,45821202
30570400,13912434
22772350,49040040
94075510,21866070
65057360,38401380
59060180,72853024
13324104,53180092
35700464,29199626
41295270,75091340
36201605,49509006
95086190,83402060
72875070,13912640
78700190,89703580
29173688,24365274
15081550,74735651
02610050,24425350
19902640,40800199
38401784,83215762
56314700,88303320
61908120,11676620
13632548,89286630
13902280,05741959
49067303,74370476
38706514,60767830
14095130,27135390
14804747,37559518
50771190,44432168
04378200,86801130
60866472,25901786
38443508,29053245
35703075,35060200
79044160,73355213
77023348,59074195
29313725,33020270
91330002,60766500
19053869,39402638
37900230,70610057
12228790,13332450
95170272,87704050
32370180,21330740
97105692,08840560
45000795,09405570
42840560,66814200
69015355,04155160
68555570,78216065
69312125,69553102
64076020,57307515
32412282,93025820
11702090,93602440
71587388,84052440
14302212,28941356
40335150,58112314
19885310,60335600
74990564,21645254
54410475,83820542
76908742,23065130
18085842,99700090
57018880,54525102
08051520,65055290
16057565,05726100
50730000,49048090
72914024,26315130
05611020,20299909
57300400,13500370
23932685,57086470
32143110,39404052
26564150,41214480
24942390,78700030
64800022,35501598
12922750,76875897
64075555,08620350
38701528,39801029
52041520,97504770
84026515,15052356
17201959,64005340
37136094,78216250
41247260,29190763
52131450,14177360
38425518,88054633
95171072,13060103
81480080,30672640
12919523,11662470
71070150,49025450
52040010,12443560
66690580,59619150
94420180,41925880
54325085,25640325
71745504,25035252
49071022,03986020
53415305,07172050
94445785,79002523
18552054,75252510
89237324,40130040
13160990,95096170
06843370,89053400
01535020,29156452
35794088,60863200
19065430,14092160
26297411,69316024
65609050,30850340
95088681,13340381
88336038,13185399
66020210,63770974
40750715,60751725
52280420,04147070
96213090,76829656
72906504,50780350
08735570,50970410
16056583,94853090
05848150,68038090
32425375,26110470
45204235,38445216
29131341,74693153
45659389,98035040
75907792,26535360
36700272,18557660
18406220,59378959
74350270,08830370
11080400,66030080
85863160,13308443
84032577,65918021
04902060,25265350
18015900,02611002
54762022,74850010
74923540,83709034
28080685,35700460
14820510,13633712
28060235,84064288
12306710,27960008
72834376,78705520
78735330,71587784
02616030,57246175
26297312,90150030
89803840,96208670
85810837,39270001
27283070,04009003
38606136,74952390
32600304,89237325
58062147,69098460
18618006,29166075
87309180,41490418
73808292,15700348
41213118,95095126
19034555,70258160
37900005,59025370
59144136,41630495
81870132,13104014
13322263,89056161
88134398,07856000
88806049,14804320
03345900,75687684
30260620,93800454
65636686,13347406
91170095,21864080
18732042,58070603
39402044,69314182
83607334,72912240
09434330,75684191
50741420,13571607
75255654,13481039
60842370,40323115
28898220,72806100
13145739,76812506
07230451,25810320
37704233,93415370
14095020,36081804
14811098,08664630
31555240,07950180
61809230,81520460
38082078,52041485
04623160,38703676
74935365,66030660
44089024,38184284
08640643,02281248
78045025,51240080
64090775,72602308
52121385,09811130
17600030,75363246
35430206,78094672
42717530,57062586
93150216,71215221
89030230,86600127
29167608,23059480
08430290,66690822
72503420,26032750
29706105,08695430
13214902,37410368
36904254,35661464
25212665,17022131
32060504,74920807
15070050,54080360
75402200,76986840
12927164,33200158
11619425,37900287
87035661,15505169
88111450,84016768
72874349,07662670
24346100,58436055
38072340,34505020
25625180,74357171
04888140,63013055
16430506,11431435
13506855,89083280
35500763,72210051
28051320,29700583
12211740,24715492
65304242,35702303
79052510,91220120
83503080,30310490
14711578,14882189
85060540,13458878
29122072,15500112
79610156,74370261
94100110,14079616
45659043,05027000
70350703,89015040
74075310,72313711
59068550,41300290
13469785,13482450
25910325,07943110
28890609,20551620
18274783,32607798
87202262,18552046
26116655,72917462
75258596,77001220
85506130,09791810
89085600,62014107
23036066,55293020
37014390,36037878
69038510,18201600
26092170,13172743
67124120,29046020
14319899,64016480
61907290,68455410
26170080,18078100
07661110,11449130
06423230,84046430
19030615,12228255
14806695,51110500
60520497,29119055
63022125,17039811
28895508,96200010
13519022,75400462
34585590,65054864
32050810,37558114
96835337,50711515
24717131,76960173
17208140,55042350
25804250,13272826
68554500,87083874
79010070,13197661
24940850,28040115
50090350,32215381
37505048,30130925
75905680,87705020
25625076,65090315
65074515,65041213
95708426,08613470
65910627,80210110
29309707,13253130
09850680,29048467
75682644,14406677
58036630,05614900
73090917,79603070
89567100,23595061
64216774,05158260
07703055,12442410
33821028,84035440
68377262,07192080
86800130,39401309
12703580,13506070
36404273,86707542
13802593,69306665
56316160,09351410
08551070,61915045
72603206,63034225
17512754,68372170
60873730,71256505
88103480,29908560
13145589,69312300
91330080,52140151
95700680,38200484
06537110,88911098
68901750,12946879
79013454,28085670
88803510,93210190
28613590,08051365
77920970,21760645
89567494,48031100
74785802,07242154
16206010,26022142
55022174,74905740
96842780,93145352
68552828,29156185
38701264,47813118
76384396,30692070
58069597,07140150
23530270,27960406
58020840,44441042
32040050,72312304
88816276,78158183
11442190,36085760
22210020,74460725
75103150,69087045
70655654,71805523
79096354,12315590
23056065,66645070
89462514,35700012
59030415,60360811
66833563,27913550
29143535,27273550
41410270,08771272
13872330,75708878
75522224,12289065
94415680,27512070
66613690,09441050
88305589,29199681
26087502,29046015
25510265,44004696
35904016,88312210
49095780,76980333
13634794,15603274
23081030,06716670
07272505,14300202
77405340,63043810
69314715,64001610
60866620,39402284
58433769,13285140
26545006,45821816
04744959,29066200
17602855,57080740
76908520,75520050
21555290,06317160
53416000,65905265
25650322,57040160
35792462,37706259
75709300,29312512
13566565,59607838
28922335,35501516
27253470,38425418
96505530,83401002
37558533,07724050
71705002,75100160
76807614,24737165
36032190,54330346
77815836,12231060
72309608,69010210
13913286,06804010
49072130,35053750
69093834,17512821
35526706,88353617
87708540,18202565
57060550,32180050
50830160,31985120
11261789,27286635
13802469,47803164
33172050,62030082
24940800,14890486
15372292,87501065
63040715,77063206
44437420,21720630
06511165,78601468
77402130,73803150
30315030,37501046
90830220,17516697
54350644,21040120
77819010,24740470
88025380,19813580
84600622,01537959
71261485,14040180
89306155,13572406
39402753,29103842
24812214,92718890
26061440,37501200
29057110,78032066
26290288,07744400
78128414,42839512
38037480,55298065
69045430,13272047
17039080,19707010
76967373,99714018
13274081,45992393
12501305,33821010
83320480,25635200
79037086,29060445
66115087,90250613
45600193,17515480
40295140,83708470
81820205,07090110
70790125,85020302
17123018,90130090
17035623,59025770
15600176,20011000
79648512,79072404
63130015,72897124
90690120,95047053
68181120,31995180
63610959,69047281
44056424,67140770
64013513,78052570
65052370,66825129
16056610,53425520
25970083,64201130
60426220,13473270
26070709,07142450
05174100,41110085
76829031,64031400
66825800,12232867
02935010,19042004
65905217,62053855
76904506,38056360
12954723,05511020
45204281,72007565
49504057,09762001
26082290,74663540
07903000,60355190
91150130,24742210
39270157,59076820
70385070,89227690
07606170,12952470
14093593,53080182
75148032,83511400
29101461,83331090
08696755,70650292
09270420,22610001
69906216,70760744
28994667,54756640
27966711,17602190
21616490,13214753
09715350,17026881
13165068,65913305
72303515,61905330
72321100,71587022
38180804,15061859
23912505,45201530
58303010,76962282
61915700,13403640
65071847,64604270
79117540,47804124
50740420,07135150
74943700,41350413
58035185,35520150
16200864,88370302
13349808,11665360
75106070,14807222
59133320,25225655
72806270,57083120
78603359,29138804
11258542,57246005
75095860,63907080
64010510,31990360
13860320,12923001
82810240,48609175
24917075,12053862
36071575,88350250
64833970,28027500
79612040,87240970
61916275,63118190
75370166,37701520
97037102,11662710
17497016,71966010
12523180,26010700
58057090,11601024
07155351,44006429
61810430,89214070
18276680,89287345
73751292,83706050
63107310,52061460
75683054,74356740
14031340,24120200
92709570,45201127
13472296,52131010
58058290,13914132
09272342,05617042
06045350,89068061
97571070,75832563
04551000,79071580
91796214,38425372
96090560,66026535
78731222,02910100
94416520,35170061
94495605,88061150
69044021,29303130
41219239,75903550
69090747,06230050
35700522,82100180
60521097,98785033
50920655,29704876
55153818,13470461
51011290,21041190
72870315,85040424
49072290,31720250
17064470,26032661
38444503,45201384
56533970,03623040
76381209,13056012
35162783,63900073
02260090,87308191
63502660,70254970
45658395,77060824
96408720,74490835
69075060,37502138
11666737,35931046
78710610,75694273
37505166,07010020
56309050,24800249
06502045,69099028
13412242,85304150
12212631,13565289
60310750,68459670
74487035,79612040
91720122,93611825
03321040,59613690
15612398,03731170
35500247,55640136
14871785,30130000
17018140,55908970
38183040,76873416
21921010,24866060
33840080,58077186
54315275,45828153
59094540,75802261
86036310,51345375
86056310,37413278
79107392,41620325
19814630,83320200
69918076,04627025
13301341,13607900
14056635,75381620
04761020,13218638
16403445,29118303
38051438,55018062
93140508,30720580
45985288,75681624
63503850,82200100
30610200,11030490
74473725,86038440
66030084,88702095
05083130,54762029
15405064,13236290
09171070,95907385
75065610,15081400
56313380,14401338
66816283,08485446
56507370,61903015
68908058,18135380
16403420,87707200
91510310,20040923
96408580,94960802
12948662,05862270
40470276,21840101
06850640,67013580
69059825,68372236
39802078,48916629
13848303,29155627
32152004,89069101
91130345,69082531
40435185,47802189
63046010,35182502
54300410,74491498
88075280,40415060
14948388,31015430
69921309,13254682
14030313,25550725
39402436,60811170
08555520,55022550
28929698,12213536
88134870,22765715
28960959,48902840
90250263,06840040
45831132,77024520
76807141,37902424
64210410,54360090
20715330,03177060
69042970,57041361
12283485,38045885
14402300,69550270
03805180,15030670
30451059,34505840
06642420,78150162
36302548,08290335
24474115,98005096
04342010,54100659
03803000,26163340
85806005,06142353
72250200,75403610
13238250,15991336
88332100,24110366
74830210,37245970
77063374,76388110
75043201,15044396
38304108,08180730
28909480,16201015
40251630,08751630
41110435,53650393
74905140,32677342
13636140,16403517
56322010,13020210
31620590,44092742
06465090,41950870
13456677,25233246
96825650,26278625
71761170,06626480
54280662,13187205
65037300,29703187
17066400,78210677
88804590,13428344
38402746,91778100
19914353,05617140
79107044,55018080
06342050,59091190
45078196,30626390
22772440,76876378
95612026,28445970
13085701,97707659
54230467,89114182
82320290,42808185
12929173,17209319
72587120,51011152
42812340,76820238
60834145,27130530
37060110,08745220
38057701,82720300
13163186,55365970
13329176,21070530
79081565,59152015
29171064,64803340
11667300,39402585
39800587,06655620
70306910,50721340
63108050,74912495
07160445,42721120
93806732,02378070
13801112,74523380
71605510,36900380
24020041,70702100
18071066,72855780
29303384,45201547
05546180,91270110
74410155,35930095
64006225,28040435
35044120,54510401
03737090,05271180
25510131,70658253
68701150,93224725
14406310,24710520
77063558,24900825
24457610,07060080
69900451,65052851
64804240,85064020
13273575,14887470
89031170,41330185
76965674,25933185
05206959,74660110
26020107,73360613
87075030,65010420
69097268,26256220
12213150,28999034
11665071,35930295
17495006,04117160
85804580,94430040
08597026,75373104
13302110,06361480
28634130,26115722
40240735,37131528
31170730,17058551
53407350,25910328
37413250,13831032
18119405,72025090
50080722,17526704
24723140,41200440
69058041,12214100
63020225,08586070
83707360,11262123
18401650,40366010
79630036,15906620
06701240,50740740
22753550,30810670
88816275,24903140
17511864,67125638
72255004,79612070
86086372,12030560
32240580,26040760
07636560,21041400
14701070,13485465
14312590,19816330
05873300,25085500
03343020,12948732
14065295,13221270
35330971,60865170
97300959,37415604
74475252,75251800
05187933,66821359
54518340,56306120
45652306,39440336
72260771,17129126
13802308,13403409
29172798,79118511
40226130,41219735
85866420,13807840
66020790,29170218
45208199,06806435
60352630,44028267
38407550,09040160
22770280,38307412
97578834,55645831
63490970,85601734
14403061,72502242
53625795,29178677
72927310,74905790
14035162,74543500
14300268,79602030
22715280,11085550
11531200,45655108
13277713,72225547
97504802,17024660
06120105,89810752
72325107,13256569
57309216,81280040
50780619,76982462
66110124,86806605
11055330,11678130
24903127,90830400
86061240,29177118
18408320,13338550
96216812,75024060
08450410,12327663
40730075,15612470
35574550,58062144
22631110,78056504
93025680,62050855
88504200,33120100
71979720,23071590
78060770,75503908
23591360,91710090
37704403,64806020
60120055,76813600
29109270,30535130
07808035,13470443
59133330,69092110
33808270,26292198
52131480,02963090
83015320,79040830
12090630,13908402
41630600,78550067
92440328,85868140
28899308,07714630
77015634,41341480
61655810,88106575
82840520,25924660
91240310,35931145
13456130,62500835
08650005,08774340
79094520,16480017
75801215,52060164
67020460,79091641
86070270,55644230
54745805,63113760
74993080,13087630
87300246,74942160
86049030,17390990
89080006,72870318
75140609,35576294
08772198,97542090
88066605,13382708
59643310,75110080
95032478,13301300
29155102,95057390
33855290,31330030
90250761,09765305
13087773,54240606
83606154,18050230
55811000,04078900
05550010,97504352
76439959,45029180
77410465,83320610
32046090,05018040
26277046,73020012
21012379,35501384
38701151,63036330
41741140,74830225
20755130,39404466
08010330,08032277
19053704,74690842
13870570,13253580
69314414,11075251
82220152,38616724
06715863,66840027
36702138,03460150
57048174,95911380
97310624,68906478
06709245,02403020
59040130,89806700
78556734,97035660
41311510,96040342
16075465,35501620
34600310,69315606
19140002,32042610
72878081,13087971
29176333,77817385
07123398,72650200
23062190,17129098
93125700,07713285
72238293,40327260
16056480,14943444
86800860,53350760
17499004,41906090
60833482,01452913
23898521,73805620
77822384,75800454
12900031,78744026
83015050,54320228
72145639,59032270
65055479,13421458
18900438,13385046
14409204,18116210
91712474,04256150
41120470,89300212
70743060,78058686
65071280,38200080
12924660,12929543
63012170,11310050
29118705,37045114
79036330,38038006
32603242,55014443
77024134,05312976
44065562,26296012
86812430,21852419
70673020,29755980
36574442,25680420
61946020,30750600
64040360,13455430
60165040,13348637
69902744,57020912
71258065,30330360
69318030,49015060
72856587,69919000
24738660,41611042
76813896,29142289
13059626,57073034
13184690,91770824
44044450,12420756
89281138,18870140
02280330,58052152
36707098,88503101
86706206,13058691
45053165,31910064
12051150,69900866
13253570,29113028
69027330,27255690
48916653,29308850
77059022,71587562
74313720,91530060
91120014,35526853
21860330,13183893
60411134,11671160
24932665,70830257
54360036,55190816
29142629,72856545
72650405,39508959
13060227,30692675
59078055,36204499
23591110,13145827
30525100,56322788
02807050,74923040
79830160,65082200
45028580,57085668
72867202,97015270
29178205,40730540
78089218,16058540
09834345,26281346
54220353,69030230
09341111,37901766
14075240,14312106
19036237,89251225
74989090,33920395
38603440,71705003
39404375,13469272
87300355,68700750
94130580,49087410
64604555,97061239
09521130,29135425
68903385,13045630
13806655,85605757
52081091,61700996
13218241,13303517
12514520,69908370
74937632,04676115
78550118,04792020
88817052,89080773
53170347,04583907
68030052,86604064
12952622,08225440
85818110,89207450
81020710,35502260
24752025,51150320
33200650,18686010
23810690,19904140
95176008,64004510
13478601,38443052
58079664,29168152
49088461,17203381
23591470,77006790
88806840,39272092
26560542,70675506
16058013,93821652
18274011,07261150
85501292,64084023
69315682,17054100
35500332,94920460
33935310,60115190
99700620,69042122
44004136,29161458
57043185,13254684
65633752,22711312
77829202,66065551
86062330,08630097
13058294,41275209
14403591,83702205
23895205,23823060
13471790,79612112
71605420,91750020
87040559,76906752
25635413,13098405
78735402,69042816
12951003,07224090
13167128,91770860
05762130,14784422
56280974,28080645
60812524,17012642
88063039,13280458
35456156,54360191
16025030,78559804
63010464,89230273
15043791,83212330
24934165,74491647
77816250,29309270
44006244,70830455
60866770,16207095
65076735,24812234
60182518,74680360
26262480,89057360
37417010,14787117
35901243,84271220
13082639,86037120
41200355,74594124
67140290,12326560
18708230,76908685
14706013,13190892
71742003,29701430
77015409,61621030
88139036,04890520
27930160,14025489
08390256,05176280
76304970,45606502
08770420,79904974
13232364,07794370
26321220,42701700
19027180,08245110
13251371,68627533
73343089,89712212
49504385,61634070
81330450,18552614
96822450,24230090
37417460,76914744
09791070,29171068
36405004,39274436
94100470,21755990
75362153,37704028
78094656,12928020
06654130,13145163
71596244,49350970
78557432,65090078
55192330,63704530
79823744,74250090
27931214,81540630
29151876,93214350
13272080,88521158
83090490,55293420
32681338,37510970
96204100,72874140
71820601,41205036
98789024,09060100
92714420,18277720
98794092,41490000
89065132,15803155
87207154,77823760
72801441,07400500
33821470,13205740
86071730,37202484
65057649,53070600
79042719,28030440
87200117,87301485
45606802,42807711
13068225,45659131
70680386,36037092
41218090,59062290
36414126,21331250
65916067,74923035
13049458,26155127
57082134,85862468
69104818,29032655
72241520,60831455
36406330,03433090
60182485,69015738
12093631,77822062
26116363,30860180
08577060,89220090
84168036,57071530
74910575,13617765
87307820,96508040
38409672,08245161
27960286,09121840
74947710,74354620
13044784,13604551
39402549,97105330
58084065,65032230
55818550,72316065
44025048,72906105
12211461,24465460
57313750,69088810
37505406,41211311
83203180,90640190
65635486,76960382
86708070,54380400
06317157,66635765
35523272,86710027
78556398,12945380
04256250,64605000
68792971,08715060
36407099,17212350
13474250,55010204
12043003,30421369
13277720,02970000
16400670,87706310
29152808,05833180
75388412,29215090
11060471,29934560
05592060,38701403
35527022,45052078
79035568,41402230
14802550,09210100
89204690,31035550
64055355,12320650
38184532,21775003
14403217,72225226
71958540,90670020
24322070,32672148
74370671,87300246
08554140,61810325
67013659,71200216
18075716,78553573
21361490,95906778
75900221,13306091
75833087,54270190
88168390,23825600
13628002,57071144
71010172,02969100
17208070,32676446
95110330,06230060
06365455,24440270
72600311,50070315
74944390,08743250
32342177,13426266
13617625,02203000
72887240,13150027
38051616,13178354
36884084,45066621
26525630,65066658
11515150,15601959
29198450,67032048
29700202,29157307
29913062,95200142
35702334,66625097
32150040,91180347
58428455,71635166
75063725,70655058
32220540,39440478
13387662,99711190
67035430,29193332
11462080,16400653
72161225,76381113
13638431,96535970
74460840,49038330
48900584,13634106
22790820,25020200
29213250,15077445
49069096,35796105
78735036,35527102
04112970,38442030
69402235,82120350
65060853,76808424
81610000,67030325
31950120,06351410
68900910,63704110
65911624,14810253
13215231,25040005
24904205,72405461
55614300,61663150
21330730,75373498
78555380,83503380
92410430,05775230
83408120,29307211
88135323,21031500
16022728,88010250
79822522,13563831
73751050,13060354
27475959,83602616
13484296,41250375
24931550,24803003
60873575,26292201
77006596,72821575
08530000,26083255
44032492,35500329
76807380,88805791
18140355,89708010
74973691,36405116
81935560,72548600
35304067,12240680
45990426,25924009
64091090,18203075
89302712,06278908
57303769,13193190
35170372,63021349
31844190,30191970
87111715,62041320
65916250,66120520
38304475,13380602
17208340,07243502
54440568,14315154
82810370,02361055
42816200,45029256
91790018,54720170
45613800,78717848
56325694,74969180
36300195,13432500
95076260,06343240
58701515,97306060
16056790,09781992
68456670,68025060
77403230,58043060
31730050,31080160
87310542,14947090
82800200,64057320
37560279,32673130
37582959,54765180
13484512,71996580
88806808,31995290
04705050,02377090
41298615,65043710
29175688,15084275
13073023,75523592
13486512,88131633
13164290,33882225
12294602,19883032
91550108,25250230
03807350,12010030
15061610,68375460
02230015,72246548
08616200,86030250
88708800,40221375
76876488,89032678
89087080,07626515
69313265,11666370
47800291,07092031
63503765,69098236
59147140,26052080
88702880,89288085
23840120,85304090
38706272,71020039
30730680,40484410
28621680,75071650
83607370,79045301
31920160,74473590
13167514,36881029
60526160,40300485
64200165,12929125
77814290,65058364
09272467,05881150
80520172,87511011
65048590,97546760
84031352,04405060
08062355,12902130
09440070,31660000
80430050,65090425
75382425,74356600
40720800,38620206
38181120,55044150
69045220,61814592
13178494,75400725
88306520,69557000
28991738,96216170
70375450,82860250
06240050,27321830
94197540,72603107
70380700,35164753
63012065,47800560
74210095,56310460
13208089,05351025
57305180,61920460
38081230,21735130
91751690,72220305
40150520,92700200
09121605,75686342
76961872,35183114
63113372,12518480
97095764,56328073
87047688,45065730
13458576,54774180
47230970,68906523
21557300,89203900
08571005,25570070
88053462,22061060
26551290,08032135
03927250,29111875
72311213,72315303
79035580,15501460
22776000,88067305
13485207,55608360
85905094,68553500
75524687,78056203
54460250,70734080
35902079,42713590
87112315,60752272
57051130,59619166
04827130,45611064
29901540,90540010
52130471,15407876
28820974,32421070
13010041,89280343
13050402,18136640
56915045,78210700
75800138,78048510
57603135,08560260
55608178,13801048
69058650,78141406
31560290,13566608
14408064,13059794
24867432,69022741
83505135,96830012
36130959,72508403
13426159,27966009
40290270,74455563
03533002,79096788
25716170,29100431
26150393,44068205
95059780,58113100
42823648,13420707
78710863,88338175
74492331,15807060
66077750,13874891
02913170,75901210
11443740,76803620
37551205,89564340
13272504,94950090
50620440,89466240
59157240,14940382
12522320,81020180
03136110,83702080
89226690,88103481
36502390,87502045
13574391,13181687
38620634,63902335
20511190,97511710
33943270,71680116
78200714,99704779
64019300,25235472
02969020,28615565
03563110,13604172
79090281,59042160
14409696,93226074
04777120,50010919
13457210,72920749
14823202,38425515
76824342,06363190
70673105,03442010
11677581,44052002
36702089,51011273
96070862,70344530
73083600,13808351
44432148,37559588
69152485,26564120
23900180,12324783
08674200,60332220
04126080,72240419
29199019,69098471
60810760,12213031
60874166,17017000
68742898,11260042
75133505,35700372
19813310,29906090
14066029,89254202
83602150,87053650
13303515,30512112
55032630,59464959
14177504,54220800
14095450,72255113
49500163,24210445
62031010,45823547
84046110,24348030
37558057,96781220
72746002,18557432
81460150,97507208
75535573,53270515
30335112,55195042
04809300,72823571
78042216,72748012
84026040,18558024
68905392,26520255
79826620,72610204
57035210,63905548
33065306,30690380
35792470,41510565
04208000,11050220
24355185,30666480
89035400,29907320
35164426,40455030
48901822,12020130
33805382,75904564
68378232,76385472
23812370,41321123
39403148,29165200
55299410,06675000
66811010,94950850
88358048,13101170
89065235,29167631
54753240,66825119
17515310,08633282
47803310,21011959
08275350,04402170
94950220,88107284
89509242,57052612
66831043,15057553
72859718,23042138
13607603,81935158
15703070,32425450
60767530,39274210
64034490,27937590
55170970,86803714
78731438,39802348
88910001,61801330
84603364,72220346
74936330,03404080
94480050,37200292
28610210,87502200
18052135,07114012
14810812,58705850
36048737,44032526
24904110,21050434
12711210,08030658
36570326,22451480
13203512,87509812
25035380,70070913
54330755,95177026
13876808,99064070
09782340,89291400
08371170,83415255
74492347,02652170
79086121,79042170
85853700,35525332
59078270,22420043
38408462,40340105
48603020,45606718
07183371,84600907
09692060,35171219
18272455,25645360
88521331,79076309
22733170,72425097
44010032,64218440
25730311,88701051
95601318,98787058
68629048,89040345
35702050,42830590
44046320,74392090
38705484,15406172
79310010,81470243
26262050,29046150
45200685,38442256
70774070,53160450
96842406,03411140
26582280,54440475
13053501,78096056
78070076,38410570
75084340,72115912
89058040,71880773
86086330,76967494
78085359,03810090
83404120,70855080
66843860,06714455
74923216,74474022
41905705,54230175
71587486,35164658
07025120,78130372
89503334,40390410
29197054,74958190
54490263,65238970
17129002,13104286
15600174,28994820
53437850,02977090
83512210,95206060
21620680,49085170
03264000,86080664
78715436,06162060
71880694,88348405
11348510,88308375
75073543,14166514
08500025,29198503
02992090,13416200
07428105,29176875
29131018,07793464
18556308,37010295
75259103,08310370
26260590,26298321
56307015,19020550
85027380,29221620
29154845,14808598
86812520,78700370
79321141,45994196
13970903,97547380
22790835,21050420
74653090,65071075
72255010,59294492
79906558,41227138
76984130,64057663
81940290,78075430
14061480,69401122
23045130,94470580
83060300,58015675
11470100,08061180
08540410,39401696
29103003,40250610
59127300,70722030
05633040,94445745
41920630,69020110
72241614,89225583
61650000,27520182
50040330,57072260
09371345,23590030
58011319,07621860
02340060,21833187
72871814,03819270
97507604,63509510
53630375,24120195
29162303,69311057
29315723,89254800
87303022,89285510
29155009,88054660
72025600,07094959
18076900,24110450
54275055,05448090
15085260,97541030
41100221,15906766
04110001,72545520
28925880,88063094
60030010,08141040
95177114,03373080
24130638,53580150
53650035,45985112
29198636,72110090
24809044,96420070
73391226,14079013
01249030,14066344
76985580,75372687
41100208,82940290
14404403,60511150
90660320,45009315
65071320,35525476
57300190,26281276
09990050,31950100
13563862,87510017
17209357,37553180
06655275,29050700
96087030,04693005
54759500,20220410
30451244,59614690
72310320,52191170
22231060,38701494
18211231,99713341
04362060,72210187
57086252,05841140
91790207,35680731
36303032,74474330
35577186,35171524
26041051,80020030
57600250,88106303
75681887,75831256
45990878,96040110
13145244,87501560
04932260,06784640
41195320,75133874
41247140,89222136
78132164,78556158
09950220,04935040
93410150,57240360
38603116,59122225
75392855,77415220
72444141,69075737
28925756,88803260
58400590,07944160
69098270,18020125
82501959,17513300
40725650,13097100
49030530,26178150
93548210,45823625
04814135,85911118
96072025,67030114
60181812,89160115
15047409,26115754
37202785,57301440
18970176,11724165
18705303,26277685
08140240,61916400
65081390,13421728
36704028,35527278
31540483,13323441
94020360,24445285
44056130,02559040
93054290,70351752
93800146,49092490
35703596,61640110
59297393,37504420
79094061,18715082
35520638,54325400
25995610,98794690
48904037,18214170
69007034,20941500
49048090,87308824
40055070,15503452
75684188,15061360
88119317,18903052
13331097,14710048
04750001,08501430
12306230,51320630
74313530,72867015
61909390,78074138
23017335,42804153
61652430,85862666
58015295,73751659
11666050,90050959
28994414,65055650
84032585,13481802
25930765,13482395
15041552,84600420
28896181,87210028
19910495,71050041
58401780,75096450
13214648,60543420
21044054,44065308
42801213,12060810
55604330,62503038
53270635,45079426
88332205,27264390
13287000,25585590
68181310,85601726
05887520,59122524
15047735,69075768
79096717,75400059
54230535,17208330
65915647,18081045
03976025,06543260
29055905,38037260
85503080,67146090
89237325,13178214
13634108,66822521
75369306,64207325
07791210,29169010
49004027,88703300
42827598,72925718
30640110,49503174
83304342,55025280
18550796,24315330
28942190,73340300
88085290,88810345
89816196,72215256
70856090,32115000
88070730,38603234
65073129,87308649
90160210,88047668
59076590,07662775
75136520,04311050
20241210,13643230
66030003,06110130
64032086,12043616
29182480,16200160
52111413,54400510
13068525,15704412
57046505,13205542
65923959,13301338
13234162,73751430
11495048,13634323
67145141,06463360
74595244,59296069
83602072,11435990
13482419,55615535
35501574,11450490
25903548,13142488
12090367,61625240
42803586,29178057
14161150,85856380
17016100,13040735
02751070,64058785
81230130,86030500
60762692,78603148
08507150,44079208
76982226,69070400
57265971,07600009
13309915,67013861
14094015,52140530
29162516,83302290
88119341,75906440
89228060,38050390
68925159,72904194
68035840,15086391
29113480,65093015
73752124,02314040
08223100,03150100
72001206,13481703
92032716,14161360
07152784,13105710
55606500,73086415
78115070,44028246
66820158,88514277
26087270,82510180
69309408,74250959
38745026,02321170
78142454,13914550
13274520,14820512
53520020,78056408
63380970,65081636
96503765,76811124
85852172,37558344
54727600,04855650
42829882,34018279
85857580,38017306
38407264,72906510
48900441,86716546
72895086,09371616
01156050,04185901
60331121,02990210
86700155,29168585
35528162,58110440
04421130,07135230
03376007,32642440
21730670,08220580
03106900,64039578
13832074,71015620
08554080,23900285
95096270,25011020
29146735,03662040
02308201,21645020
85601850,06727212
06783330,09852140
32404818,79093031
60320278,29175554
18972024,60040140
30624220,11460180
24037900,55010022
41490302,13025001
89266387,60732110
35680741,13271623
44054346,62327465
72859223,41311196
19920154,03988005
60810165,11547020
85813650,11463440
73011040,58067247
13456595,68378030
05205540,79015320
48608602,26125038
85915080,13807879
66026070,04894040
57071670,72878319
82630295,04662902
45608254,83055206
19911450,85015314
16900067,40340630
13328080,89080630
18143869,03978430
88032228,75095386
16605500,90840532
13633090,45603765
08725300,12720680
65095223,12302120
09911490,05454080
31130120,79118610
18703802,84603284
13044691,14780339
65090114,88132720
39300978,91530215
41334116,33202806
06656120,29156465
78110680,87069014
37007022,78110843
29215520,36072340
52280005,26052630
88812859,39272400
13322181,17033510
70723070,40140040
86703745,13080310
33140600,86606296
86809080,13572200
70790165,15991168
25974130,76873441
21320030,12072428
13807732,89110468
02285010,24804006
87209072,69020301
19025770,24455560
89254820,12244105
48909745,17540025
24736200,11618243
64022225,95612022
86010010,13632042
21842300,16401505
60181235,60864545
72405923,03581000
69099000,52280062
61812510,75710766
29176209,39401808
42734360,40450550
41311424,73368596
69400234,13806253
01251080,12223110
09220310,53270017
13505490,89037486
24726083,54350393
15904150,92441130
18903046,36204747
08247001,76811502
38180250,16201320
12308410,65634384
05084040,49043383
29122754,36902090
12060280,13480358
24733160,04849327
73031670,05612030
73752130,13206226
13401420,04851401
60510103,13082842
65763970,24750290
26061047,27966536
17533375,18552090
98783396,05049010
36038200,67125220
36576240,89066735
38408416,86602544
13807675,35170225
29075135,06867455
85904380,18090510
75250053,74370624
50930015,69097167
18112140,18460031
69086505,35700430
03576035,44200990
13193154,78060655
17523550,14714000
26050550,38410539
60842230,64205507
64605402,77001670
89037840,03736030
76908354,27250267
74888140,75503754
18686010,59072230
54720074,23970991
67120546,73401712
13194308,58108526
78141339,05887390
40010060,05690060
85814522,13185185
41180068,78606110
60420160,20932460
18870017,76813320
13050541,49010430
87103391,24020087
07151580,29164030
13603283,13561067
13144664,09320766
38703721,49070583
66085025,77027128
54353345,89055180
26256050,67120926
53160020,89165436
13807851,15086368
60742102,07865430
49067043,55153543
41347345,66821645
65082509,20531470
13055516,14784035
12224690,36410562
92704520,35171340
05465060,39440095
18810748,64030740
06056322,44007222
28922465,17016143
93344190,60843105
96402240,18873418
32056001,72917216
18044650,50060901
14710131,83703010
07123251,25900094
84600472,57300150
29103337,78145435
58085220,45658550
88334140,08576050
16605214,85604390
19802171,13503240
49089033,95032160
76828059,24370287
88060237,28943681
25570271,25903545
95705852,35182266
23560480,78216095
71570212,65068738
06711340,55028155
55296140,91230593
79071293,86804230
78640971,38202210
83025476,79094070
12916081,13313371
35702288,86025570
18047690,41220265
79032016,03332070
69060085,68908470
23591210,79321513
78705602,75102210
13632325,92010134
31742598,54080990
13634319,72890267
36401348,06534030
97020710,98045060
96820800,75387580
14701300,40300205
14711154,19907390
35060050,65031421
95059670,21911340
07261060,52160240
09580490,35170658
85819450,66830236
17492000,08503100
14079007,17270036
42803706,06680750
69015453,29046607
98787004,69309959
75140468,41270520
86710122,30672585
74993258,34008089
13054773,25615140
67146148,61915075
35792582,29114540
05399140,29109140
69043790,38442100
04413025,88306430
29302041,09951333
75386655,44061470
36570959,36202530
37201580,18046010
82010690,42841564
49004733,26445130
31110730,87112570
43820265,71670730
56332246,13160130
78085540,13201959
85602542,49048150
13312600,13481112
33170220,51345608
74370435,25645090
27212080,63900088
66020390,41250131
87507260,89030270
11250120,88516000
26051820,64204330
59014510,80610060
35500067,78734550
95030690,04883405
45070460,60862200
24939290,71020172
20396250,72920260
96075180,37048270
53220810,13458885
06414900,37410350
75907862,07400503
32677270,74973535
65603740,69097516
32600420,11701340
83045190,59114025
40310180,68904690
02750090,79062030
72309313,37030140
13502805,66113652
29120490,84062675
37704814,11461380
69313138,39407440
45992610,84062190
38302112,14405177
72303517,19034815
56518070,18074090
13564340,76871350
87202016,34003265
75691816,32070160
37005056,57300959
35160302,37505014
07152121,72151709
06763030,41195540
13903073,92035874
64038054,86813658
37201531,55190700
95706188,42808025
75370353,96076010
13338010,54250570
59640352,68909348
29105500,79901002
60831671,78118166
09896270,24426720
08596755,77814380
25926486,79014872
09831542,37414726
80730360,40352524
19015490,41370460
08370130,23955333
78068750,11070061
12903885,06325140
69400336,25275390
48903415,85065748
82025104,12236662
13914146,74884290
91920671,72001271
12509290,08450495
35900372,75901150
24110284,53570196
64216505,54759165
96203630,76820716
60183580,08616775
33130600,13604066
53080700,70722070
25245150,29048085
02340040,25812030
13310835,93600850
75364249,84500612
60175365,35162316
03906060,35304021
13300430,99010102
74445140,13833080
26261200,79004915
28949890,68377400
89712214,11461300
75680504,21550320
96077590,59298680
48608450,29045973
55004253,87509490
88064680,69085017
19700100,70650234
16055517,88104440
40484390,08696500
02726080,62010365
16087007,20261080
96211350,86027460
13905513,71591425
29135443,78144416
12954670,83514222
73369050,37550089
29126745,11421350
49040620,04653155
58033330,96420200
57241020,11360090
26580360,35500408
15044720,78715407
13608110,40436050
63113170,47802682
15077404,13140605
67120250,18140990
07176520,08810060
76875886,86046410
22795052,97701816
74455025,12948220
57015094,89230245
59139000,42825560
65067710,72855078
26125180,64004150
60050165,77062132
81870660,64210705
18105030,25570233
77820000,12324060
13480706,59146260
07197110,02813076
11060002,65215970
81925416,04253970
08613680,23010577
11718135,24865770
13506504,15991620
74835360,58068048
51150670,94950843
86082280,13059593
33903065,13631115
68903784,35050590
37901100,13152180
35661145,13485172
29313676,88309100
49015140,44432144
29908510,69900199
24445260,69023270
52070450,91751692
72872433,13629004
13255543,38701770
88501111,58113233
65908420,55015355
75713005,85802055
36980972,75110440
75259672,40368035
76810360,26060065
31270305,26521500
13468300,87045190
58401644,91060260
95208322,54420355
63504088,12211147
54510065,48905585
69309020,78125021
04569020,37704164
13322030,88706045
06385590,19913572
98801552,02321060
70380716,36205650
04502200,95703400
93617340,15503441
40440365,05783171
07717453,89032466
69068690,70687230
15601224,79035684
17026808,09857320
55614755,06726717
35051530,19905135
76812109,25935638
50610545,05134120
78700418,69316012
17207200,75710290
02259150,38182139
13475622,82630242
14059240,25270434
66816213,01318000
35932056,59074373
05819040,18010070
63113742,06766460
11676635,37640930
53437842,16050173
13615573,61655510
44091534,53270573
73813705,29023083
88370480,11710190
64002282,14178086
13392244,72906095
09732300,37900025
97546486,85603876
17213813,78132155
55294285,74350340
44920971,38411344
18737500,74993660
75250502,15707652
55036201,66065485
35171520,12228450
74405190,18464024
78070205,04614040
28942842,95700654
13349232,13219815
04042030,68038677
68742350,32607800
73808510,29195425
27930771,41322415
29042800,85265990
72241533,78149140
29308325,42722150
11442002,70675210
32670584,48904436
38613016,75712845
24754000,11662705
04607000,75832240
69154532,35702422
39350974,75524330
34008071,89128970
12214030,13735041
67125524,64601206
94120010,55194339
13467668,37556514
29176538,44006304
76985266,68625012
58110959,76981151
06680390,11330821
18610050,36050285
49043766,52090298
13871147,54720011
65040874,12312530
69099160,06033140
56330035,62039225
26435266,13874737
75803303,29141163
77704970,13817085
36200380,74855175
88106285,85806959
69919190,36500300
07120031,59015311
60534640,14402304
63740970,26022194
13665076,13329514
57051695,13453540
13631900,60822376
76912653,57080830
39800179,41510740
05574420,76981377
40060025,95577972
55038085,29707378
18095040,72161629
83030420,56312809
72922542,24724820
72872454,75803370
77819228,75804078
78048458,88508395
26110150,17067470
27971705,15600094
29305820,75408202
29143719,60360432
71820421,53659899
35900488,77023636
29163469,73805560
50110730,06807816
79045550,29016560
74905670,59295578
64069015,79093556
37205386,72834110
77059012,78148788
26560551,89286660
03350070,44075239
60873567,74675335
77063228,23565510
59094230,55815020
83401210,21210675
18052640,13481356
13327386,19914125
75902060,51270365
67040010,89812447
50731410,49067080
04186210,66625807
35162884,72312007
24842110,55156080
35500600,14079049
75802131,33840105
29901420,04821050
75902210,69030455
95853959,44032900
60833396,87035490
18054085,58410380
45985232,50710432
33927048,36205056
36502342,89228500
18087488,89260369
72823715,71697518
91920245,57085035
88371268,97060275
89708274,12030120
08527000,11500255
38705125,82650450
38082180,97507588
15703080,90670120
73403403,88702502
54715804,57070310
41342300,09425520
57084334,65908341
32210900,50900650
88050440,16022080
12214581,69058170
66019904,86085380
86041844,59173970
04736020,44056708
86039480,41311482
54737505,29190510
87506470,78715738
05181130,83255996
14784271,41215800
68928072,19703042
29704364,99062382
88818272,08690810
11420505,82015510
96415150,35054440
74591026,95173140
58403380,15902014
39400565,93346410
14896042,45602493
37209338,91430802
58025490,28897080
24931225,88870959
50870690,15400113
26052532,32602524
13206311,29018612
30280400,29306750
58075480,32635100
73061170,54723100
59634637,29317022
38180160,84026612
18606800,13474682
95170786,27264760
57070519,89023661
51160240,33935390
84604395,32606522
26135545,95099480
35503055,89466034
26031800,42808129
07134160,89204290
95310970,43805560
97578077,72911613
54505435,23935295
37558539,51111030
18278390,89163050
13063110,44091128
95098480,36501064
07611595,49038050
85907180,71805702
60822639,29169671
75125460,31015172
05524085,13808361
76802559,74730310
87020272,13140679
78140675,13106010
59076350,60182502
19053150,36416120
26030790,23059720
13173398,04477210
69099336,79320225
76901086,40325121
79902024,27351490
31742200,45602640
39440486,07716140
68378009,48909737
82115260,35702662
85606495,61655730
58433860,50730605
79903346,93113088
74988180,93614030
38202076,89504739
40352385,95013050
79051801,79640579
38400338,91790403
13190254,69006711
13218491,13256182
76870652,77820470
83065542,97030010
36507184,68371155
13070128,87014190
85870720,18732030
87207362,74993537
88359280,64086200
72669513,98010690
35450166,72833542
32187270,20531078
35931302,34007766
70730711,71635250
97035590,60521105
22780130,97502581
12902003,13309300
83020710,17514730
99025340,13060222
69044520,18114302
38700052,32605198
13432584,29050410
71681375,91796000
12522450,45820080
78090100,77829296
67013878,45655208
09271060,49097260
78715374,74070045
55014390,38445104
94010452,88813582
29907040,69050702
20943380,88060000
08225330,86803658
37901202,08598373
02855240,59293768
08730320,35430105
84071602,65052160
54430380,60346410
29113210,04324230
36889206,49042570
22793490,11089040
74890754,28070466
08820360,44094026
52120121,28143970
57036620,32113380
55153575,69017258
76384381,72320105
18913054,22260206
38741172,58076632
94828210,28896125
78557715,57038173
58079703,88815079
67125195,09442700
14093622,05058001
39328959,06715605
73310000,69918342
14403165,26062170
44092264,06120047
75836062,06328337
04858210,89062080
40100115,84500362
99010970,13633388
89703690,76907191
12946873,64012625
79641164,89162830
15610488,29138436
24445220,66825123
45611158,06070020
05691000,11437500
34580140,03701005
67125005,15044050
24412010,50790300
78048602,25655060
54530045,35162499
36202740,74945633
28991786,57075446
29170308,17519540
93225365,13179240
09791044,69907858
74350760,65082529
41321060,29138822
08340200,11425270
31742504,36400055
40445090,26012450
07830533,87050260
21531614,33860630
25041550,61932780
35703441,29168076
52221120,96211200
29906880,71587754
67146104,24813015
15086338,28920271
85862408,75401274
93351310,06648110
15502016,09210630
38025080,13144674
13607309,81630120
74926670,60510442
33202628,36572434
58038530,81210160
13458452,70856110
64011700,08775260
77001148,07155380
29070376,08120180
13481847,45201023
01037001,01435060
79833150,69078412
86065020,13442136
73369014,07083160
66640358,75360720
08592620,88303440
88134434,18145326
72318506,54759555
60348560,72883688
08343050,25025244
13568780,27949308
95705264,66023025
44442092,29190645
08535210,02636200
76987416,88371487
89213320,13614166
30626500,87211550
35300350,58703042
17505528,13569615
04193190,75691710
49063016,47801268
69152102,07903020
86042080,18408530
49067350,75115190
29050465,42739755
36205260,35051480
04344030,38603012
74425390,62322745
11700095,78555437
74932530,13050009
93347015,71820404
56302575,06663510
28906115,59643405
21012120,56307655
73750152,68552748
54240344,89023020
65058302,28765972
25680674,37200750
29020275,42725470
57052250,29047873
08121370,90040050
24933150,95902222
68458875,63707024
15610694,75387112
85912150,72866557
68850971,30575560
26050488,14093900
31710190,21655130
03132970,06871155
38180828,04185165
88802540,73065203
81925000,03570370
12239032,13874650
75382369,54090523
41342764,49015470
54771783,14412406
96085353,39404743
13615510,36888117
38181496,01330030
05161970,79621434
44053234,06870190
08021400,07921170
65919165,37200044
59129540,29300065
21940270,14037439
72220186,82015152
33913470,37701244
23010750,35044765
36046576,92323140
14405386,81825340
96501080,09361010
61615065,05187430
08451030,85902420
74496005,09572410
34525660,11432190
67015770,72150314
12950603,25921099
79901116,25245730
69042710,35700595
47800904,18615086
18400070,07435210
56302520,09433090
06833137,18135230
65914081,12246001
88306800,14803030
26150270,35059542
77441136,38743128
06765470,44088132
53431700,77440120
59114146,17507390
64008120,44090736
85807517,26327050
27971214,35503685
14806804,73081490
73809008,78603454
95098780,76804175
65633683,78557592
40720765,45828135
18143337,40715527
60743180,04883200
54720390,30230125
14406276,14098858
72926642,54170570
13184530,13140099
38056804,11095450
72241613,27537276
89205306,13481797
12912600,99704564
13475314,05127900
74988170,09715250
39447303,51320626
15402021,05450030
17220426,23946365
38017360,97543180
12916330,95030580
13565485,14882059
42827156,16438012
06608120,55010213
59066330,41250312
65045540,29124900
69022100,41207340
89037605,75833135
40320050,87047515
36414444,93546190
88054631,93800248
71973120,13203071
09951580,74715030
02205030,55610460
58062304,13860304
85345970,28924212
18466272,69084573
06440310,04835070
36900145,04860120
24141480,12236868
16306022,08031140
40279680,38745586
07161776,86061070
13183190,39402001
24934575,09810440
57073212,06824485
74936430,56325481
03472070,78065757
08820350,93548440
64410970,17214401
34012871,40220880
84026380,76966304
83210366,65606560
57040405,65049070
03177050,39401244
40750120,13566854
15706172,74423340
39803082,18085385
24474110,58091135
29154772,72660385
88160760,13056095
13205520,15810474
07663215,45078582
24753075,86600051
13487486,29907280
21221050,89286295
72302562,60811235
08581065,97572098
13381132,66633610
49088280,34012755
52125260,85866140
18131603,78150388
28893720,02144080
76876626,75134193
45994108,41100056
11330775,71587678
83304350,75682286
72210063,89112066
09175110,89162318
75802466,45077412
94090170,22793312
98050230,72503205
40279810,67125117
13046135,02635140
66040450,91350150
06382020,33920382
79033339,13061343
59078340,03004007
18706520,69035090
41400328,69901286
49055480,15806345
89500232,84022210
85855659,59080150
29175569,70387090
33820252,13503255
49027330,26286190
76900626,28090050
85605697,88806790
19067170,21725650
13909000,17220056
27510030,89027730
38070470,25922460
29940437,82320421
08430897,84045295
43805901,57018564
87114624,06857175
88806832,35043130
93530480,74966080
54440620,03725160
41336680,54490242
01332904,36572382
15061030,01154020
89810300,18680520
66075680,44430698
13105126,56324090
05660000,40390120
40240765,13054712
30660050,99032440
59146190,89042080
77824368,81935092
21875260,38446397
42808147,27940030
79002938,76808102
60055030,44033099
73750089,47802008
11250692,88354020
09930480,31814630
28990862,72220206
74683510,05550020
32616396,13332056
26323552,13475274
30620040,69914380
64003810,09960520
37452959,59076640
87114140,88168274
95903718,49044193
28993050,54240608
78090244,66814110
15372186,58301285
29152601,07192240
25645630,57303078
76900775,82320030
72802635,95088725
60830516,32280280
36889370,19880532
73753104,36230972
41343620,58084078
57038170,29032413
05692100,59298730
41915230,75040085
36071510,85905270
57307720,24130614
60766435,12053270
77015554,16903183
36200691,88137058
61901170,13185165
06871140,72871045
82320120,59090322
60822365,21550580
53401542,73808769
49043418,65093304
35900098,74944060
07144408,17490959
17129148,32150320
93490090,69089066
74363594,33203031
86189362,06056410
93048332,69918792
15501201,28905250
04870133,36060374
59609552,95013330
58053040,40226375
18211110,07636300
09971040,59080290
75391035,35170420
89804060,22221070
72503406,54589555
76814018,91220090
94960878,54510460
83050150,78705522
07629726,75906277
69097139,13385438
13874217,83512210
74845125,19915004
27190990,37550043
11461030,58410693
09271585,13230001
71587698,27971812
63050233,42828680
17607617,42839516
88130510,05784120
32423175,34710560
53417461,75114355
56304460,11713390
35526684,61923250
14065140,45079220
77015482,41343830
45215959,12244057
13390033,35523480
13223561,65090478
13475464,40810690
88810152,32628310
69317326,75906409
14079070,40040335
12232894,75911200
23898066,21031660
25932630,27940400
42738355,95112700
28949806,24902780
03725010,05301060
74350060,84060609
93534010,95700828
02938000,96010750
37558466,76807050
42807401,59052360
52280345,24726105
30290370,36507032
13848071,26070317
86183772,38065110
81450010,54100143
25520572,17025000
59148265,44044505
33115080,93214260
40387390,95902226
36031420,38181120
04369040,24750275
13098772,78556554
95705150,68005270
13236280,68701091
20766010,29193048
69041462,08779575
30610552,27930430
06705250,59090360
03371015,72321002
57022160,23590809
35430220,81530270
40140160,69903014
12701100,41740130
36402032,45500990
12223650,05307171
91910080,55641426
97310200,41235325
60736032,71650075
35900042,35050730
64067570,22640354
24925614,42811188
04774040,56509552
40480150,78747028
89233196,21221330
41308095,15046819
53220571,13251261
15503577,35931243
68901110,17512778
08485410,44774970
60546300,69053590
13387750,65636590
29065460,78005970
35170118,14882332
21620300,81870018
02325040,97037184
13324508,12215000
18052675,89080550
15703382,69042078
13445256,63704155
06124270,71587422
36083350,17048110
38418578,60534560
11013000,36660970
38748506,74480620
26545710,18053452
13185420,22750060
87202386,25235456
78043970,07985230
62322755,19015590
08250420,32421140
69073330,38706167
06653030,36048590
57309646,74969434
28070077,61680974
65075650,45037795
12518020,26127270
24110010,91110430
35573342,41213325
64029220,98789412
05340007,26262430
89260891,05858006
88807185,68551523
62137975,82930528
22795584,13346630
88316080,36700200
69911180,65066887
87707180,27521590
89031674,87040250
44006022,31615657
56307570,57071167
09952245,64045393
18133382,05871380
35663478,12919470
53444120,83511230
05795290,73751209
52090640,19901620
18134010,35700312
27285500,11070400
83604260,23545150
81030380,53610284
81350676,14802869
20970530,44002088
17023390,24931410
13251699,34008077
25250040,31010154
60850530,12235750
53441782,84271130
25220684,09891090
13012901,12600430
76983380,79084297
89230266,23067551
15802045,60863420
32678276,23530128
72130410,04863360
14412288,78049120
52130161,79050909
05119030,41337365
78201090,65910793
88813310,59131400
58071973,29105005
87309430,69058148
30750172,13176011
71880610,60335790
69023262,54767770
08382190,74850210
64005315,41338540
59634060,51300080
24040280,24924460
38072590,27260810
05757100,59114246
24715190,09760260
82600190,60135160
35454168,24421200
59127320,79622004
08010390,74494686
26135380,74494505
11663700,36414382
13082140,13218040
18609055,22240080
95045530,60542115
67035090,41180605
24412020,53545060
94853820,75522230
79092350,26041770
88708298,78750600
24452110,70830020
63024767,64073730
61611090,13031830
96787656,91788610
65911745,58410518
08050010,16075709
25926705,13060787
34006036,83406550
91712430,42830618
04836410,60743315
93224240,83820500
82100680,88350725
14177566,13518726
60040001,31810455
29908044,08151061
12704280,78551423
64204130,35900284
24467090,50810302
15063203,83505115
92035021,35501094
60420690,27960034
12226280,57071779
70040010,29901420
28999007,75910812
79645060,85807715
78217206,77809300
13160262,69097455
08295040,12290561
33350970,67118095
52040640,76906568
38040040,77006666
13088359,35681861
58400442,29933525
08640740,21920280
75832027,29148288
86804550,73041690
09380570,02982020
88370184,13165524
90480220,44022042
89062250,76804549
82560506,72872343
35570410,58705300
60762060,38305190
11663230,28083140
26587020,03554150
21050220,60540184
37415310,20041901
66095591,05209140
11712270,62809974
79610097,64808745
54210230,74356670
66913110,97546310
65058528,15704408
82640400,55292780
79823728,88304220
06362123,79035250
23906060,12948800
64007845,72817020
79070105,55298666
54789355,69912464
82110380,15506537
83310502,71670310
53402776,15375120
75528012,15703326
38307271,13846393
22775812,70380766
95042630,34011063
97311078,13482234
90090310,09350355
18803500,75503470
48916083,67015050
53220403,93330160
15503322,13600060
02335060,13183151
13841025,37130406
95211256,89258815
13189102,18400420
03605000,42713110
18553024,24715412
37203724,96425590
44044254,89022090
60531440,41610670
13254293,29903042
37705200,13209160
15076401,60873605
14784008,93125180
72815632,06810415
83301035,65092514
94970250,25570495
08725410,56323020
48906672,72425111
74535450,58433545
41370425,13874508
31910030,69309361
09371360,13308239
28894066,29056908
04116150,63051200
56316776,08150670
32665638,62033135
12422460,72631230
14942154,64215835
97015600,79833625
18412151,24140156
18087649,75383480
26178280,65630710
74494360,72900380
36505278,60120070
06804000,15045837
91755480,65085106
81250720,70640640
86600181,35681013
64600054,89037693
75394177,13412336
23076170,71555306
79091118,79901392
21521300,18739641
36881011,65902102
26551180,12284350
14406633,37704860
54768799,81130270
78714317,26135600
18143775,12239430
53405191,90620070
01243907,08765220
06704700,29302059
69920175,87305040
94050170,60811693
32280690,92700050
59122496,12603300
28085150,75903380
54759775,45985660
71691587,65634150
83824077,86803742
33205286,45209148
57310112,53402161
12954673,72914824
60760460,89266461
84264530,36048658
52111640,88352060
15997538,13209540
13212520,72878370
16025065,35455004
59150420,68553088
05082001,12908690
24130450,79075206
93819600,55644654
03287040,27521320
11724550,66831110
65903083,13280422
06709705,26050170
38307108,41290550
11015460,59616145
25821678,17505384
14882318,36408305
58111545,69151458
59295856,97507180
12286180,25730042
37900630,71573004
12289010,11086320
62405973,74890680
45656198,35662840
36061560,15601080
22753670,49008369
24938830,36402025
35453047,65052350
26043120,81470000
68745375,35501410
59136246,35063002
11717080,85140959
07794065,38411192
68907600,25275666
68045140,13040500
31255840,14806182
17129146,45012700
89040200,93614400
74340385,81020520
15991623,36404465
74670290,64023293
88509506,94490370
13469591,69055410
54705762,21842100
45605490,90010241
36406353,64040602
15375142,50610240
88370152,54720990
21750121,68374719
60192370,74495845
54518190,44071270
65913230,24450270
60866665,06033370
35450015,18557422
07053080,58030331
72928080,28944880
37060712,07657300
37415738,89212630
86184406,14177061
72862318,88520400
45603337,21755450
64050020,13234645
28990702,35524302
83825160,14177364
60750820,64210240
20943300,06826184
65600060,59324959
24810436,09970330
88161425,13308211
30190970,93607540
60711170,70277120
68045320,58588970
14786006,32230030
59296039,58704768
03114900,81810030
13973205,15081350
27960215,13568030
36072310,18680490
69035351,51011610
63130255,33825615
84503476,13181790
57315226,75102282
68928253,75113185
65090078,73365442
65058070,75387552
04783155,79900200
93218290,64082170
24802670,29173078
76983233,17012400
18074794,85410959
89254248,04741901
06703060,66020430
59161033,57241082
09572610,56903000
37410315,06806230
72860002,28992416
88373900,86071460
60352400,55156210
85858600,69900211
36771532,13815516
35702804,13383276
65092360,38603112
54100537,35700033
08040320,41306165
78052855,07175370
13803806,13069105
05542180,13104174
75830074,27259240
29045077,95214503
35182384,67120578
53110210,72428575
45028738,64055410
85601075,65041057
42828572,09172180
49005221,39800502
85810000,89080299
89162714,58035440
06694360,35720971
16402179,28010050
49500160,64020300
08760430,94853760
55192456,60841537
03711010,65910795
91790240,98802062
79904106,88111110
75135280,67145180
97037034,50850410
42740355,69315026
35180442,26483030
84046441,17527630
57605047,08674090
49004574,85818170
45200711,89083006
83704350,27966866
75254038,89560292
02220090,54345555
94510410,08533040
17206460,29092070
72001024,40720284
55021365,79642350
77080026,37204219
89510510,88340251
37558171,37560154
29709170,22640000
57086170,88356134
08151420,24922125
12246141,85064100
25959080,14406763
09791415,89804041
12286579,94858210
18970162,78551439
95603168,07182150
88061357,88062558
59607412,13077015
75528003,17602340
69027520,45600270
09404120,26556440
33145130,39404370
86806612,75908090
27240500,09404510
75362185,72860551
15804325,56325421
44056600,42705700
08030656,61945160
05892350,28633330
68459852,37901072
16400383,15700842
38621639,29046050
70380704,26195400
85807645,85603831
38415270,72405601
13172550,84270390
54230190,69080803
21850160,98792054
95110488,11535240
44036336,38441016
85855686,75912252
72240523,58056575
11670390,11265020
54735670,14040330
37203834,75704530
29148387,13876730
72001753,94930310
19804959,77062002
87501370,04064002
97709790,79620041
76873213,72906602
09950410,38446248
72928190,55493970
45605502,13056353
14020038,37553559
13058065,79113170
08382630,76811696
55608391,73807155
18214720,88706311
38446106,85506452
37132508,57038140
81330540,38056600
59611030,76914754
87306822,25946452
08630390,41194150
72904004,21843150
07791673,12224570
03944110,87060901
68505310,30570250
86601274,33920310
38184038,38181456
65068720,59136105
27333070,08670275
26510612,59037240
25655250,77807095
37500404,12908844
78099255,65909650
29709177,52110050
35660751,98781528
75143240,13573330
13485484,18600310
13800459,37005036
22723208,26382196
12424870,84600263
29047210,18103654
06516310,44091600
72903020,64078198
76985138,38181442
40387210,82810640
65906570,12415150
85010010,13177906
75692595,11440500
09810150,74982200
13668610,74523560
99713454,13167568
45823061,19920076
38411310,88702220
57071863,55016070
24348030,13308722
13422500,57052505
37202560,15077250
37904288,06683510
42803528,12281540
88066060,27211070
32412267,32041790
26180100,69095370
74491565,89228338
90520270,55644675
12608510,16403130
17031722,26297135
26535250,78110354
27965055,19063741
13085390,75697112
71020340,64079245
35932125,29182125
35500241,74320230
29162506,78056228
75075693,49503303
72161401,68904043
12949005,58304971
71060917,78130444
60360052,64600002
76385466,05757130
84503320,28942810
40325830,48070360
69101116,69038670
09121250,18810022
96010902,23826580
76804508,03985060
26110670,60331790
88138592,89235484
69044590,68017024
13573174,28898464
02032000,21645090
79074042,13322270
28060554,55157332
13083390,54518560
37136159,58112338
57045407,83602612
64058190,72876313
18302208,35703852
65636549,38302244
12922294,12705430
74982310,11671148
12519170,04650175
13146903,15501091
61940332,07600776
35526554,94445470
91250250,24722700
50791340,91280225
72859800,59632146
15371044,69919895
37137090,21735460
45206553,13101339
21865170,26185500
13073045,30411547
13476720,75711590
19920062,36770622
97546310,13382472
23097596,29314195
41227012,57075032
36410076,18606450
02275160,93525160
73368336,25235190
16830971,20080110
83507513,79015164
89256053,26086215
13254208,78118350
60877154,15093645
17025700,69022070
69099046,05815170
77060044,54280339
89805000,11675600
85818610,32146021
59133030,61903210
89805460,14871415
79040830,24422160
74370730,26292465
71010050,93115189
59101075,89022310
14406278,45654100
38406073,85816571
11520030,04929380
60875370,14783280
59620410,61814124
91550140,17524118
13911250,48610532
08769510,26270340
58056365,18051280
82015035,79842142
06186073,88814563
35162088,31515030
59618625,39444050
75373760,13475152
71741401,60877501
28634390,25812192
59296524,39803190
62508540,45601410
02237049,36032170
69033698,72755002
18604330,07191290
75262718,88061265
18900428,75804712
23028120,15051414
09402340,08330490
06540175,35702667
65204959,65090360
32110008,79076504
73754333,93800480
69312580,29177659
29304200,08543190
59133095,93352020
72502402,27971641
81530160,36402275
15808481,96600990
75682638,35570128
09961132,12245000
23821035,55609040
29122500,21060010
60422744,61905600
97065150,59122231
44075323,88047475
55019065,37010959
78042821,21331560
30622041,09784222
50110460,56312465
13092587,29176055
93410110,13255855
19801281,12952585
75900039,16013380
58015703,19064295
83215330,87709360
74675700,13398750
78210536,41343165
55151040,22733003
38700223,54520090
22793138,41250190
13486467,13212844
70686815,40140630
11667240,35901029
61812549,59010098
72879349,41204225
93800322,67105390
70834130,91180181
37555655,35181250
29705713,55299836
68927266,13330220
75361542,03580090
78093282,89809340
74265140,85110970
03669100,06805150
73380810,71593634
29942020,88135077
03721020,13056308
26292369,72260632
73402009,01307002
77820394,69915666
35574740,86704120
05159540,14701349
09844113,78052702
64201160,38701598
06020020,77818250
13098538,66026405
29167600,92700145
13635170,27521720
24130310,29905502
65200971,03638050
89253829,77404010
49065170,89806113
69010380,32661788
85601878,29121092
52210360,24754260
48904605,13468891
31140450,60736058
18213530,95701198
72246552,69403661
36400330,47803072
14406382,64165971
29136150,78145672
24725430,25755053
29907587,21765760
75133884,89703680
02423120,40050567
29640970,04877270
14179762,12227740
60732386,69075336
29310347,18200971
95900834,69054643
28899548,12326546
18086801,11662150
69901845,89464100
66083182,12213104
02020000,12229221
41219005,18103250
20250040,08830050
44056384,58080640
08587090,64212440
82600365,59064560
06523150,59042240
29153524,40715192
12213062,12226616
31640250,78710470
89287820,04517120
75363170,13310254
45200550,97572260
64000850,06317410
74373273,03211120
69900508,37068190
72660104,28093130
85601118,75510035
74393300,69906512
32310160,56302070
15610032,88706082
29110101,97037164
40335185,21640080
53320130,72420434
25575160,86027360
13175140,54110045
08762250,64006287
13482456,68909530
53220015,29705820
60326410,14943250
74990552,94945180
79042081,76987384
58083420,37465959
69096240,98792444
75702461,11390310
91790834,93609690
58430200,75362081
38610277,93821116
26443150,93046807
25275190,17022133
73808618,93616280
02035010,41295140
78560970,72910832
68551160,68740585
69038820,87325959
60533592,06033010
70756100,24020075
04243040,59634076
78095283,35903084
13170440,13059654
09842058,14808460
03733050,03570460
89700450,62030553
87703660,94960557
13418170,29193213
21370350,76877021
52110120,72760192
18079472,24875100
71551500,13470823
06654150,02323050
88020420,30535200
08597712,35010030
02809080,13617349
33944195,85867264
78735495,13256730
42827766,41490318
11086001,96820320
66825049,21032000
45821000,33055005
48610420,66083445
76967300,59032120
07617690,15908029
45826340,74940680
84031124,84502162
12415205,84507105
70256020,24415505
38401582,31870250
86709400,83411090
13914660,83056981
13573288,83607062
84025080,38408324
56502358,02911170
11045904,78550636
29936702,89289015
58701042,88138153
85601800,91150254
13503659,13309150
06850870,19801130
61935285,94931035
72860477,79005110
12340000,75693271
65060855,23943145
65304195,54759649
12506350,13413510
12323246,14804441
88371118,69076446
41253500,86711098
32071151,82990100
28910670,60450320
15808170,13077073
62884605,13058689
88354687,04012900
95010660,19904636
74093080,21910103
13236292,68774959
25251090,09835600
07850331,18053456
13181694,19815070
63051210,38607138
52210081,29165970
93037180,13289708
69078592,35681312
98025510,15905016
72547220,69088777
12227230,31741010
60711045,36800959
13501080,15600097
55645820,11680972
13214324,28949742
67015470,11260018
13846310,04334020
66080480,26110273
78128088,31130185
25215463,88115674
74975190,45003050
69008431,71576160
11660330,48603430
55500970,75694228
75389057,74555470
78554183,45602157
13617754,13606703
29199784,63905038
26560580,71536268
96503210,17206433
72881050,68905380
13466360,08040480
95115500,96085520
75094020,76825316
60721959,78144430
68626720,64065140
35162427,83830597
13417350,15057508
96415020,21070296
68020085,50720485
27963816,84600586
12929741,91791140
07632090,13736760
41290015,60182570
26113250,60821540
71071254,88801620
86802150,13481585
79085320,65302825
11340380,74455180
86192300,57062270
75094060,41770230
06756120,38057762
12234864,96213300
83075120,72015939
76980362,38307838
29109165,21625560
88513010,78601600
93225520,38202060
65073700,88058100
13450323,93022590
13084725,03552110
39442274,56320185
89804270,74360440
07852150,26298108
25240497,09784015
86070480,65040070
04836365,59073168
13806810,29936313
77413060,68375581
29103395,67130832
69041451,38082536
45662108,66026325
05642907,27971202
29263985,50020400
50110653,60352010
56506750,13800655
12401300,33826194
37411168,23932550
17492292,02120020
03127100,76981066
68742013,12091110
27524330,13843077
73808545,30421448
83512400,76901009
20771400,87045290
68902867,72872612
40710041,72339076
13616480,44091154
53090580,35059682
31741970,72871084
86605562,65044070
60833675,34516020
40490314,09852120
27255190,69086081
58051797,29102627
79321072,68902013
50630551,36021390
21760210,31010475
60181490,89634959
13487137,30590253
21920220,61939200
42807475,35661157
06824110,88136027
75711819,61902195
15600306,94198530
38405118,94197470
66613911,26311390
13610895,78551165
53420080,13280154
17602330,70362010
61634170,69065147
66645145,89070770
12231120,32140450
31812200,85812030
24736760,35702841
08370340,38600536
72859765,04012030
95181590,18073729
28943040,81930158
92320760,97547044
82970200,54745651
32415418,04744959
88523030,13846583
79602141,02849100
13489729,99060680
35525180,70658553
12914610,09971160
71750150,23826615
14871455,21330640
76814218,17047588
44044114,37202830
06717352,14784368
32405260,23555328
69022273,92200610
31573300,48610424
88045515,58303395
75802295,60730202
18270400,75833152
13050050,88813556
87116172,14302266
32676076,16600059
23045710,21371500
89066000,13611849
35573322,63012095
59297496,79015210
45037623,60864203
18061479,12442366
14407310,41280282
31742645,31655250
55643300,08143040
97110810,78730257
75380541,69054460
23057370,02460010
68744140,69917538
24923715,14406776
08474140,03806070
72885520,06149010
06355240,77024472
68550438,78138188
39404533,41197060
24904520,78555238
85902230,72507209
05890410,13913372
45991168,95181592
66820728,48918033
35170188,35680327
77427274,74483770
81900420,86820970
76870222,54353270
79841450,22765430
99064235,87030030
17610540,41150180
26070224,76825148
13175220,54767241
95052250,08180305
57052725,51260120
69100366,75407288
81452332,72275664
88310510,71540400
35703275,02190020
27351660,98789346
52081521,86810260
71693306,65915222
23810430,17539105
55295410,25922284
13183650,12093260
23095404,58033015
34518100,19815195
69040910,70670104
29936655,41330280
29161699,54777340
08310410,13070102
07661650,11495114
25640555,85854117
72813220,60325460
36889104,75913564
63109084,72771175
30550210,25949880
88075160,29015700
25250403,93530032
71805547,45826224
08771195,38400346
74477094,25630060
86038150,08260090
06764485,13308455
78555357,60714360
84033540,45109970
44441630,95020220
16303322,86055708
06670225,36201586
91750630,68626753
88090502,64030650
88132764,53320280
13068141,73403236
83504400,97035750
26520773,06856510
11040270,21042170
65904675,12234834
69076600,89708015
22783150,19885360
35171307,60320641
26041640,39404454
54774520,85031360
12926430,24722325
17605290,80215542
29315465,25560401
11500390,88180959
66110099,08589020
93520570,83304500
04770140,83514970
71741706,37135326
74986340,34002242
28893809,69918614
98789338,26040215
41347292,13475294
67125109,75113590
13101307,14061539
17610475,14406896
72548418,33202720
38740504,72823130
08616590,13454085
13973176,27211015
13562703,12030410
13231220,58433780
78068322,45066648
13256740,98802160
67130390,03057070
69088280,56304480
65081409,11712600
67040245,77440650
24921195,91240502
16308586,76963710
37130411,23894702
68774973,03270000
13140340,49088103
54783110,02939050
08321074,89218270
03936030,95110135
13091609,32623455
79906748,88132230
18078685,96075858
13860478,24431360
89462094,17515001
24210560,35502630
67145082,17132220
75229959,89281072
95088336,55618970
74923670,79042711
18272541,87035626
69401526,35500161
79020280,13734614
20961670,72860599
13664314,12310001
38413669,23036100
09171170,64009870
13064774,71215230
51010374,44023648
74358142,79115368
08030410,68927096
88708765,20921350
72911807,20735180
35930688,95703074
71250720,12285425
23073450,20756115
89053600,13528065
58101278,68743350
24935450,79823160
08382605,40720088
07020310,81590561
58059754,83705573
07744400,13418310
28070576,14051010
72579770,58401490
38408742,69099702
13185829,74947050
65031800,16087017
22630080,07076050
88904170,72003585
68742238,13613190
74684270,89260373
04891220,76985038
25931322,35171155
30692658,71065140
31330620,12947013
13056002,68380971
25725595,12301550
31812005,29201016
13324412,83824133
79321012,72927374
93219083,13198572
13643230,01223907
64215264,07114120
96508627,64011310
70790069,31160470
69310110,75911004
88085210,08040110
88506013,35660200
83503270,29101903
13142328,12228890
93600270,76876570
33861547,39403493
35796411,29173660
86055270,87062255
75044470,13214719
59122534,24346160
78556504,08265381
18131109,45029192
40301205,25640037
58804675,18550041
37554058,69097593
75365141,94853320
59068200,05002900
95050230,15606132
22740974,64006275
21520220,73754852
09161340,88058195
29169480,40725053
72135180,89566880
59296090,13091213
36307308,28924240
13253231,13274778
95096150,15604170
71995080,13411518
74769767,56314082
91240470,45078654
44444096,26510052
08090283,83308150
68376096,14161330
88816221,28890323
36572114,21510430
41925280,29055085
80050550,78132887
60761500,76820160
13186533,15400660
08226024,78040610
93425600,09931130
81935390,36700240
18702599,94500040
25535040,12212110
31310300,95047170
47808051,29124218
23035412,72902110
74923030,04124010
48604075,94190992
02313970,39403107
17533133,29168073
04739070,35302486
68909318,65096060
74491497,30514450
02367240,13227105
26298695,57075455
58036605,89255693
86801269,97310774
42702250,06663170
71590330,86806360
55002011,14402287
74280070,62500210
62955970,91150083
70254970,96830505
87113460,31720305
15991174,66825355
12608660,69317462
29166870,95211310
69309660,35170258
12243740,69037569
75401057,32113530
13199156,38411140
32661358,86076110
75106365,08280680
89087560,40352752
58090035,32642030
66063415,85870736
89259470,13474522
78555286,12226592
81770270,65090557
29709376,18055125
77021694,29309372
15997038,81220180
78552280,14550970
72900648,17022141
45830658,38304193
03977110,75373656
12214260,09163150
13566640,89233078
25750603,32412312
14313066,88811820
37410077,50850421
11495098,24422790
85903700,15718959
13272603,25615310
90020006,13272705
40750560,72323504
54352340,13252752
18272587,29141303
30580260,95908252
72302108,66095350
15704102,35901365
61920640,20730480
53010240,66825490
15051238,38181024
72890132,58433178
18274012,13030470
25575030,32668012
28621080,86803110
89117625,05364130
64804280,08390020
69315359,70736030
29306306,90020011
23830320,16021525
89117685,12246142
85909110,59138860
64045800,95700062
81945002,68038605
57025647,71261505
45994818,74983630
86088570,09832000
72883601,88316100
83609244,55032480
12091460,74959254
13330215,13478779
35526644,82560400
86600145,31210600
63112215,05734200
88337510,40230088
02216100,72220236
89012087,60762742
58432485,13163256
49097310,03264080
14870880,14405391
66643170,78216150
40354260,45988517
36405024,03977547
12908032,13183864
36201310,08340210
37713334,09185130
56308190,12283890
35570572,25570750
96402224,13044095
89462190,13183272
89012464,71536450
15093324,72220530
24411090,38743130
54330176,58106072
50780610,91791118
75401022,17526610
83511535,89567352
48900028,41218166
70770503,04221900
76876394,13323311
42728860,41750850
20765160,01255050
89239750,72001263
60330830,81830720
40243370,17030022
12940905,54580594
50070355,13257635
89070070,93270560
06717127,68555360
78117010,05363200
24804036,89062310
12244493,29155352
13306030,79620112
97546137,83310170
45020971,07851040
30624150,09530701
61635270,66810042
12227640,06454903
13060341,58063380
36400065,79904322
13025970,26110067
12306120,75093180
34003382,13387793
92032689,65415959
56332280,19100082
32672220,33203430
69022155,40386060
13105792,27277260
13088556,35527222
95707620,27120130
38412832,59073459
03255010,96825060
64205480,12294091
41253250,65041370
42828358,53640722
83703075,48901341
08320250,24346106
26321350,12228183
79060355,72261036
76901429,64069170
28949548,14166019
75050260,12610603
14801531,13484525
37553477,14801749
08587768,14711430
54792380,88070350
77820206,35032210
79093130,72242111
40320165,13086902
07193021,82860020
69400881,74491506
06624280,56503406
32210010,62883400
41275184,41227370
74694040,06463287
88356012,32673080
47810068,62880150
58051544,95910442
12405250,95088430
48901210,29144676
69041543,65058561
08625387,54733140
20771280,07808200
17505230,08575060
75136127,81580500
12922190,79085065
07611030,75388265
12444330,78206405
13070047,86044720
53610545,18052050
74595210,13456598
81010340,78211245
99702670,18810526
72231201,13289730
29175679,13802100
28949266,36205237
05427030,72725207
69097465,77465970
76964615,14057330
59020290,89304620
63502020,95044110
38182078,67145465
13205544,15810332
11410030,29140056
58058902,13976347
13100451,15375114
20771540,88353509
79823855,88063315
58058845,94198600
78735733,66113470
40240135,37901636
04905001,24804123
09040011,49290970
24348250,31746051
45203160,60821160
59625663,73807412
24476330,91770015
89075370,12503610
72813270,35503019
14807047,69067498
15802320,23560650
38302160,58701542
60766835,93212440
13403861,16950970
18608460,03982100
14176123,93800194
69100854,26113480
40140140,89051005
74594038,21361140
64038400,13609474
54756670,79823192
72621306,13485483
28995585,75906420
91180127,40253462
29151256,45208271
14315700,48905533
13098311,79822395
12328240,35660357
32051070,14803894
59080062,14810852
38421546,35680504
08625405,38081510
87711260,31340500
35700127,53650028
13485344,87206344
08485120,78715610
77818778,09961150
36037812,22743326
45821327,35170656
29701670,13273565
50790170,31630210
90550030,74974600
79801010,44083702
15062709,21010449
68701844,29166040
70256160,25815080
29075045,15804395
21520150,35930580
68506600,88330269
78134206,59054530
91420725,13083190
37135272,84026405
49063142,22743041
07134080,41500470
48901602,36506246
26065050,72852626
08766551,76900288
54720630,62322340
70760712,06422040
13231464,37036320
48908534,87053483
14408158,40155200
72210232,70256160
14940472,72001119
68035154,26554090
01433070,74215230
17018828,13397058
32146024,76963590
12515240,39274420
13056244,41260215
97716215,24921776
78121010,24060005
65063410,07627060
89069212,89203590
13483755,14406809
88048317,72860587
38200094,44032491
71884046,18807470
53130000,09121690
24722005,27972148
13185903,35304465
64209254,62322005
57305718,89074076
12283710,09850330
77423250,79092080
38184082,74884671
59141805,23811427
67040730,29315436
59293630,29125040
29383984,88371308
24456500,38412529
74494745,72870132
92703570,36202811
60125058,79645242
63707470,95201370
09171120,65917325
65302690,41483070
94955544,59122210
95910690,84037002
12043011,37557485
30666090,18052596
72921380,13392634
08640640,13284082
42717090,13101150
11612568,28948032
79115060,04942020
79033060,88512640
89809820,21852812
13575260,75530300
64033522,35303070
13455538,60510750
61809425,16013375
37006220,24110645
13610861,50770270
38444314,59072520
26163385,04477420
07767170,25974490
68460260,69098099
68035542,18605868
12903765,65914395
76873394,16056210
07162510,28995775
83403450,06704450
71880607,70297170
42839448,12237451
44090762,89162508
45204381,57084078
25730507,14800570
07610640,21371060
08470770,93800372
08598290,12321810
06386520,13205756
13421590,50710350
21842555,55814130
64012001,96825290
75360839,06775180
58303270,35452184
96090486,14400420
72005465,29306065
01311914,13475768
63038145,13401852
09993090,44003180
05869235,72867755
45987416,69042073
13573216,42712790
77804090,89215180
28921142,56309110
59296889,75697530
29158083,06711180
29165060,14030020
49025830,85807700
64078590,07251300
69315646,23570698
75373778,08140220
70733100,89215068
30421028,04770091
64207125,07727555
89087251,59293255
52110461,60421570
27280773,12423320
12509480,13171020
74043011,66620120
89292515,13214662
57030050,18208440
67125139,75372464
36889543,64072020
37130065,66823061
50791395,08780730
04181130,40445001
13172734,72621205
75105235,51350270
69400568,13190240
13183230,86081625
94960832,28943762
88519449,93224140
13843291,14400768
64607820,65710970
09920030,71625660
89167188,13184320
96825540,49092350
99708502,71995555
30110014,95088090
26554510,72926636
99032732,38441561
58105692,45660516
18016331,77820186
60440160,11013210
60020110,13502320
69088864,64037532
34000231,75388262
12231260,96843424
32405130,58302475
45654420,44071680
73754129,76877182
13485075,54705650
40240415,74703025
49003307,81510160
25272080,36301150
21875040,59115777
59092260,29125035
02882020,71680240
86604062,51200040
13846132,52111430
52090571,69022265
13208150,18953032
62502188,61615545
26176005,22763690
60541120,67033047
15704060,13450183
04182001,68933010
85067410,12501250
13480343,93609290
85858522,56509410
73365064,59080410
57073481,68906078
72301583,20740310
29702652,38400754
06713455,75680703
75124400,06395330
15803460,57240320
75360575,31370680
45450970,21041440
08142180,68485971
15047630,38400150
96410190,72236201
07405470,62886380
87083517,88523050
05367300,42707850
81820250,39804534
29198161,23830270
14404275,59124370
12953480,15707575
71693257,15048319
52171105,79621429
62232974,29705427
39404829,11703000
38400690,64608415
41311526,89266458
68740520,68456320
15603060,13238270
68015025,70305910
18684440,70363090
88107438,29704715
05302901,73802431
74463090,26315340
69030062,95098240
35042817,88905384
68552767,73025053
13411301,38700045
83085630,44077530
60877035,78085352
68378002,13404794
53525820,83508578
69087351,35162540
26277250,03402971
65082284,69033650
79084314,95096360
88815610,26052260
24070140,44091372
35681779,66625730
45075325,55644798
16308350,37200340
16200028,53403990
24745400,27260330
37207808,07131274
23530770,88814575
17513290,37704391
13212280,29946642
13183392,68501524
18108165,68455756
02913070,11629529
80740670,84051900
62326370,13808387
05884190,52490450
74805140,36036637
59123250,68563970
14061470,03283080
64012250,52011900
27960047,45600583
39406545,03136120
83412070,74966664
04413082,72926104
13282372,93610830
18918000,15057551
26585661,26061710
74703240,42808037
55022762,18048265
52291101,02012130
05160460,75686816
13412382,13198672
91225070,13140814
15409510,01310921
15906776,69099564
75524310,18280400
69400083,58071260
12902006,74330330
07406390,07272241
78148990,85807615
14169462,61656320
09120075,13289088
12096000,61645300
31744743,68042135
79841180,07095120
04890300,08738180
68627690,35457241
44088678,97501698
69316422,82110460
42821826,91530175
11347005,08560330
12085110,85910280
57048100,26545290
69024602,33826001
32051058,23010740
15610198,84020690
81020959,22611022
22753490,63118270
64078279,45828346
29940424,87309150
30850560,94960570
57017630,14876163
07056040,93820340
76913581,38300041
13321485,13806225
79839131,24472460
65073080,88125971
75389020,26574050
37558162,35661152
13056073,11265485
68903320,64012289
72322702,59144100
79091160,74983670
75131545,07191410
70650511,74494251
12225123,13848853
38620254,65056576
20560032,54100487
03687100,14942134
74780360,57045236
88060391,32265340
15063122,69152566
76809080,38408426
29165827,40711170
68627650,95900858
08690165,75131775
13487008,60763748
96505835,73062511
69015548,41339090
25922248,38181062
04007070,74366102
38607012,69094690
57071027,21240695
61610515,41213710
88317521,74860380
07625785,60431085
26187500,37561358
18618050,39447686
12213041,42830290
13310486,65090089
26041058,45660578
13273100,79905350
29109024,17022000
26270180,88040440
57086060,47813640
15703072,72862505
29155632,16306144
67140570,64059125
17507520,13732680
14707044,19013810
69307802,96787227
25675192,88810000
89260758,88119378
65916350,44020022
95179004,76985094
18830059,13486340
60752582,85855777
09862060,14403422
77824695,09820130
86055706,93520300
23030312,41336350
05006900,74484640
29056150,70337060
12242130,81910020
25730470,58041020
81670310,78715285
72907116,69054307
95058366,57055130
62011063,65040410
13506034,70658392
79822506,02210180
05081060,29137012
58432711,14890444
48904103,88805470
09403310,09520410
05796070,12922413
68928265,23555190
66023030,35703456
94960550,45830350
18087163,13402615
72315531,12246053
05530010,04615006
54510990,77006890
69036440,74692720
76963754,23097170
97502160,65040863
89214705,32681812
42717820,89160155
35503051,24901080
13212202,73804085
33170857,26130530
35702717,40717604
67145050,73751068
23066500,22451364
33930780,41510770
36506150,68374210
30855060,75373870
88701080,18111610
41810800,50730440
65915522,75086030
33933658,65068024
28909120,69099734
81590042,69318242
70730773,03961100
30285301,54360465
30270336,19014140
06653590,39803180
59122540,41490254
05181060,93310275
75093490,53620493
26180150,13842120
89087572,65600450
29907120,89053647
65058007,79004600
28083440,82015384
09560510,72307107
87306620,13411190
76960068,81520280
27274101,05386200
68500572,20091901
38401086,62884750
50711040,37561142
49037180,58067249
13387656,45992538
37558500,17030673
83010420,39401343
14071220,09441570
39803460,17047376
88136317,79051290
35681085,59621475
08280540,55020272
26020277,36047090
31742327,73751459
13060243,44444404
29167527,76904506
13064780,35680571
18207844,24370350
06766165,21930006
58070110,34710564
42812504,02033030
64052473,27140350
38405272,35502430
52191121,78145546
60741400,28994260
01121000,33826047
13402159,05171680
60333270,87703676
25978240,55641070
33938101,88370196
19703176,14412280
71555367,14704074
32404557,59430970
72896132,04297070
24320590,13270296
02073090,08655530
01215970,63113210
88302315,95613118
89030018,75834322
13478480,30514005
78710435,74697026
64003150,13306617
89031130,25625160
03716050,72805445
24738822,49092630
75535755,60175300
57075697,17024260
70354080,75907330
35574357,91710202
65066558,13197474
58102072,38045890
72007138,13844452
62885160,79085021
08120280,41370065
65632390,29166520
74981368,36900109
29176017,69403541
35450226,20530080
13174396,80710900
79017390,35900524
31555390,13504480
49088200,31870430
15906760,89814067
13340824,24738280
93218655,30690510
27933430,13664226
05844220,36572078
24737220,07790820
26525840,41385255
13041545,81280290
13189100,60349235
25215480,88804060
87117061,53409827
37701478,29706496
60526734,28083330
32681178,79002905
57062715,28915636
18913004,89030370
61901340,32240293
65057180,57085775
08588814,35661868
06850095,79093043
59070150,70381706
58105414,12212710
69153100,13197426
29165120,03337060
13607230,21670040
58110296,93548651
30516461,06532040
79077003,75103331
37550160,59104186
07170971,29705222
88807012,76960058
27115253,38400223
44031481,53050181
45690974,07140260
78559702,80035150
17525181,73271901
75830148,31160100
22733350,06702465
33840780,54325021
66030275,58432774
78090576,93265900
66650001,79093622
78557733,17021660
12248110,14403801
61650520,97503880
35170203,93548400
65083739,13222460
56312760,79043021
24716622,83605070
52165204,48908564
25220195,88330702
35303428,81310260
45993169,04851719
61903130,14035152
35044350,65065135
24809266,98781660
34525520,12284543
57245274,13840150
36412212,05587055
72318545,36772258
99372974,06784450
29178572,66912320
25046420,69099799
09435060,37130169
85814315,64057021
40386215,29046560
39447034,80520060
39442120,66815750
76983024,13164136
08767305,64001340
13183407,72902500
04532080,30451178
65062430,71699130
77420730,54505200
12225171,89282225
45078184,69099181
65072770,41750350
76820360,85862326
65911607,37704342
02255150,75080880
41215440,64076015
38401610,72872386
71977540,71587202
79062064,70790121
71994470,57070513
74215095,07040030
24746230,29941010
74480050,29162587
76808380,29126560
09951120,72341305
12216160,79822514
37010470,38206210
13331733,07902220
54330305,25045736
81170654,29046043
35164075,44436410
32611276,13473382
36062430,24340280
36771424,76986358
21745420,74491653
76808054,12220610
60110959,53421363
02256000,12919305
29709002,36401342
04905100,39270072
08598780,02998160
79904576,86087080
53130450,93420580
72306700,77826542
82010390,29142416
29142782,60331260
39404274,68742734
76870330,75383176
16200339,70857150
38181281,06419120
60835690,95706178
33204182,12606060
29310578,18775064
13208540,41680113
92340370,36501030
14810900,65086136
07807200,33938426
09020041,11662691
25900037,31365745
13187192,18803120
18210020,70800110
34012670,35660301
12226387,24804781
95096830,40717700
38181818,82560550
78152378,78730524
58125970,61805240
93608230,45206545
13024150,04863025
36060456,23071090
70636005,93218080
79117724,72587020
14700448,78110390
18078613,64207625
74930090,88815570
02260065,07174480
28913100,89230185
47802091,76807546
65914508,60866762
69086137,45203456
03617010,37558307
57304477,06330040
13640401,74413300
24436050,07776470
19700971,54310360
36881026,02223220
88905040,73751192
17192042,71640265
76908706,35184138
13440040,21021030
19914165,09837185
89211485,35681866
80210410,75704484
36773018,78040580
60811905,24868372
58401061,54765335
38525959,64217135
74930070,45066118
14315078,94814100
56320870,17606090
08526070,26545340
03041030,53070195
85815177,30570000
89805037,54490650
20299921,57082117
72715014,59634033
05174000,39802119
30380560,68455142
34018070,66095340
13874720,95900056
75383113,29700655
14806154,71827855
14800063,72302500
27265520,13160168
97507610,49001144
66635715,71592001
29160017,59610120
07946200,53416556
32635106,39510959
13628080,35524094
14097133,38203034
73750112,15402011
26082005,18716077
13333050,56322430
13056465,44033121
09970270,06326010
03271050,37553410
41260250,15997090
27925140,59147365
25936285,33825230
25570142,95904339
60310014,35502039
12954596,59123700
62033555,45200727
86082066,88122135
13425300,18402390
74423350,24425680
72890219,72834090
68704012,83218180
59140620,38400083
74315150,53250220
04654030,14804492
14945016,79097832
79020270,89254339
58068510,06471003
20540060,13187179
18035085,49043730
35526870,37223972
13255359,91740250
92032055,31530210
23061090,35527890
85604270,69901534
49026233,79839506
31742717,75091223
86047020,41321138
56330080,14176890
58036002,39802122
29103339,54325810
40393630,36038318
24452225,79843341
64066190,93348580
12093140,41230390
36408293,57316418
98015560,11345050
29943045,60831175
60310620,20396090
79842160,57081055
65042220,49038032
11432325,06887155
16401020,89701082
14059263,07749899
53110467,55811132
07412700,35701616
88330682,74015040
92702400,24474260
89224520,06887337
71300990,57083025
48605055,23032180
89560148,56304900
04124080,45207544
78141348,58046080
65044620,26087145
09121280,93040490
72210080,82120270
79083567,33015120
87302560,64985959
33933667,09050350
64807120,32424680
72310503,72425090
79050110,11258527
40487135,05442050
59298586,13196162
37018490,74580370
88817072,75074350
77827150,60175177
89110152,75698823
08220470,55643612
09390685,83708776
45672970,66060510
93821480,65072270
14782034,72887369
05736090,32670290
08441211,88513090
55002431,14823344
13737420,78740331
14915970,75132150
29092025,37556064
68903415,50110185
19705474,78144590
38183314,08562500
72546810,29048610
85868005,30180909
60720030,93602480
13332796,73755115
13063460,98785307
36025240,04387177
71881634,06335250
41200590,26010340
23032220,78148990
15130009,54505750
75680510,69305410
33930525,54525236
08544530,07053080
03983025,53150360
41150410,87047811
11700805,82210150
13402560,55645850
59295617,49088030
40731130,72928024
36902315,41275206
72859343,05108010
75837160,97040240
42813430,07178674
36305218,53439512
35503023,25970027
74371800,75169970
32017020,56517500
68702170,70743520
38610220,68371522
76912338,78556044
13178511,57018630
74670440,54756225
12051572,74960120
96820450,66030550
18708240,75694020
45201440,26286320
68907580,97310520
77006084,63010242
78040695,67033052
13201037,05323905
64076402,13863220
76913864,64058310
21021150,49004472
77020170,95906658
41204400,09111730
30882750,75712225
28994618,24930508
58064676,58800342
08558110,41200290
97095090,71827760
69093336,60455500
76997970,06380100
32600208,76812899
13738300,38041054
11075550,13504264
31140440,25665443
14887220,22790365
13049322,69035490
14160150,72610218
41253330,13253220
78115049,12226350
17017493,72150509
72856732,78118302
44052059,90200041
13607341,58113490
23010765,39800603
65030670,89304798
13484681,27972029
95170264,60730330
56318125,18903112
58077105,36402241
24933395,52111110
16200120,07850010
57312340,25805270
65057777,58415003
06704754,61624477
33200438,11495075
89804280,88511098
04781040,35170007
88819206,69099692
88339515,18605726
37556502,12324530
86804530,41311230
70846520,90220006
51270170,92704485
56310230,18911028
48906786,48906105
78558208,29177745
65059863,72150724
70737530,97707574
16305028,49880970
29901428,22723800
29075090,14407342
74491420,18610339
08574090,26310280
36204051,68458885
09380543,12281565
66820345,41218133
13870539,44089138
51111021,62884585
29702814,76987754
33930430,29050810
40251520,19883564
26216115,59070750
08472370,70645120
24738580,18553610
60040310,17047270
13232294,69097372
65609400,83414515
89239971,21046300
36307202,21720420
38048610,59010560
72855091,76380296
78745040,35171253
89286773,01541020
57304090,07980066
21735120,41345564
40352130,88064085
